array.f90,flang,.098678898
array_fail.f90,flang,.110466474
compound.f90,flang,.182353027
compound_fail_2.f90,flang,.270780972
compound_fail.f90,flang,.304761637
compute.f90,flang,.084009006
compute_fail.f90,flang,.117894806
fib.f90,flang,.208677315
fib_fail_2.f90,flang,.274930771
fib_fail.f90,flang,.264284240
forloop.f90,flang,.116863003
forloop_fail.f90,flang,.153653516
function.f90,flang,.150421398
function_fail_2.f90,flang,.185757305
function_fail_3.f90,flang,.208702492
function_fail.f90,flang,.178986036
hello.f90,flang,.083916995
hello_fail.f90,flang,.117315573
inout.f90,flang,.105315399
inout_fail.f90,flang,.137843788
pointer.f90,flang,.113130026
pointer_fail.f90,flang,.155507608
array.f90,-1715397286.265581350
array_fail.f90,-1715397286.301729153
compound.f90,-1715397286.332714680
compound_fail_2.f90,-1715397286.356134517
compound_fail.f90,-1715397286.381730623
compute.f90,-1715397286.411372126
compute_fail.f90,-1715397286.434380793
fib.f90,-1715397286.456964104
fib_fail_2.f90,-1715397286.479471640
fib_fail.f90,-1715397286.503135179
forloop.f90,-1715397286.526215163
forloop_fail.f90,-1715397286.548004457
function.f90,-1715397286.569472941
function_fail_2.f90,-1715397286.593974771
function_fail_3.f90,-1715397286.618271501
function_fail.f90,-1715397286.639896982
hello.f90,-1715397286.663687619
hello_fail.f90,-1715397286.687032814
inout.f90,-1715397286.708090663
inout_fail.f90,-1715397286.730538156
pointer.f90,-1715397286.754072471
pointer_fail.f90,-1715397286.777222069
array.f90,-1715397329.243263560
array_fail.f90,-1715397329.367135861
compound.f90,-1715397329.504185007
compound_fail_2.f90,-1715397329.716810441
compound_fail.f90,-1715397330.016779388
compute.f90,-1715397330.344544890
compute_fail.f90,-1715397330.467469283
fib.f90,-1715397330.606668921
fib_fail_2.f90,-1715397330.851621042
fib_fail.f90,-1715397331.163655497
forloop.f90,-1715397331.494295120
forloop_fail.f90,-1715397331.646482054
function.f90,-1715397331.814921783
function_fail_2.f90,-1715397331.990283506
function_fail_3.f90,-1715397332.215942806
function_fail.f90,-1715397332.456977921
hello.f90,-1715397332.674886974
hello_fail.f90,-1715397332.786704081
inout.f90,-1715397332.928078015
inout_fail.f90,-1715397333.058409013
pointer.f90,-1715397333.227077266
pointer_fail.f90,-1715397333.373088277
